,Control_1,Control_2,Control_3,Control_4,Control_5,Treatment_1,Treatment_2,Treatment_3,Treatment_4,Treatment_5
Gene_0000,28,23,15,26,14,20,14,20,18,34
Gene_0001,31,6,18,17,20,23,18,18,28,39
Gene_0002,21,32,25,22,30,22,25,13,18,28
Gene_0003,11,30,18,12,35,12,19,22,23,25
Gene_0004,14,26,19,20,19,31,19,21,24,52
Gene_0005,29,25,20,30,27,13,35,31,27,29
Gene_0006,46,15,19,16,8,29,12,22,37,18
Gene_0007,18,23,22,14,18,36,37,11,22,23
Gene_0008,32,15,27,25,25,32,19,30,15,47
Gene_0009,23,15,18,11,18,22,33,23,23,10
Gene_0010,26,28,36,18,30,49,19,36,12,41
Gene_0011,17,23,29,18,22,23,30,12,50,14
Gene_0012,23,14,23,18,12,13,46,13,22,30
Gene_0013,32,21,18,12,37,31,14,23,15,12
Gene_0014,21,31,9,27,26,17,21,24,11,13
Gene_0015,26,18,9,15,34,22,32,38,30,13
Gene_0016,15,19,23,41,29,31,20,23,21,28
Gene_0017,10,32,27,19,20,22,22,12,18,23
Gene_0018,9,35,20,17,26,22,18,16,27,22
Gene_0019,14,43,27,27,14,21,31,17,47,31
Gene_0020,28,15,16,35,20,16,21,44,26,10
Gene_0021,27,27,28,23,28,20,33,18,21,31
Gene_0022,23,32,15,21,30,30,19,51,29,20
Gene_0023,28,22,18,10,19,30,35,43,36,40
Gene_0024,25,29,20,27,22,39,33,19,35,21
Gene_0025,21,21,30,29,11,40,24,31,23,11
Gene_0026,16,6,46,23,19,25,21,28,42,30
Gene_0027,23,34,18,22,8,26,27,31,29,40
Gene_0028,30,21,21,21,27,22,9,26,22,17
Gene_0029,34,15,11,26,20,23,14,18,43,23
Gene_0030,22,25,18,23,36,20,13,11,25,23
Gene_0031,18,23,40,35,21,24,14,19,19,26
Gene_0032,28,30,24,12,41,12,21,24,28,26
Gene_0033,21,25,8,22,31,26,16,38,39,16
Gene_0034,23,33,13,25,22,28,23,27,14,26
Gene_0035,38,15,23,16,20,14,16,11,13,38
Gene_0036,23,15,30,17,6,38,13,26,13,26
Gene_0037,15,23,18,8,15,28,27,18,21,22
Gene_0038,19,8,21,29,24,39,27,27,40,39
Gene_0039,12,21,26,32,19,18,39,11,44,22
Gene_0040,18,26,29,27,28,17,33,18,16,35
Gene_0041,15,34,31,19,23,69,90,73,118,66
Gene_0042,17,21,28,22,25,42,26,15,13,27
Gene_0043,19,26,26,31,42,30,22,26,26,17
Gene_0044,16,27,22,24,21,27,18,21,24,30
Gene_0045,17,27,38,16,17,34,23,30,23,25
Gene_0046,17,18,16,35,20,24,28,33,15,17
Gene_0047,28,36,30,15,14,8,21,5,32,17
Gene_0048,17,18,20,9,17,17,25,21,34,8
Gene_0049,13,19,32,29,28,36,34,26,21,19
Gene_0050,15,49,19,27,23,23,27,14,8,15
Gene_0051,21,21,38,32,18,44,21,14,28,16
Gene_0052,21,34,24,23,35,23,18,25,21,19
Gene_0053,20,20,19,30,17,27,16,33,13,20
Gene_0054,21,26,26,23,21,32,38,11,30,23
Gene_0055,17,18,16,37,36,7,3,5,2,4
Gene_0056,34,20,17,42,28,15,26,23,49,13
Gene_0057,20,20,22,37,16,97,122,53,158,85
Gene_0058,26,18,18,34,29,14,16,17,25,20
Gene_0059,25,5,35,22,23,30,23,7,27,31
Gene_0060,17,12,45,2,34,13,26,30,38,35
Gene_0061,31,13,30,29,33,32,26,43,17,12
Gene_0062,33,20,33,21,17,25,22,39,23,14
Gene_0063,17,15,24,15,19,15,20,17,25,48
Gene_0064,28,24,22,21,21,24,33,38,14,21
Gene_0065,19,28,25,19,24,32,36,15,21,13
Gene_0066,32,22,48,46,30,14,15,47,18,11
Gene_0067,19,17,31,33,22,13,20,15,36,31
Gene_0068,23,20,20,25,34,20,21,31,24,20
Gene_0069,29,40,17,27,31,28,14,16,29,16
Gene_0070,21,25,16,30,16,24,33,21,27,12
Gene_0071,29,20,38,39,12,21,27,34,25,10
Gene_0072,14,20,32,34,13,22,19,28,23,30
Gene_0073,13,15,8,20,15,29,26,25,35,26
Gene_0074,14,21,24,34,37,28,13,7,16,51
Gene_0075,11,18,20,26,15,20,14,11,26,28
Gene_0076,29,27,19,17,16,17,37,15,18,24
Gene_0077,26,17,22,30,15,10,15,24,37,18
Gene_0078,26,22,11,36,24,36,21,23,37,21
Gene_0079,12,25,20,54,12,25,12,27,27,19
Gene_0080,23,16,17,20,24,18,24,24,30,39
Gene_0081,16,22,38,23,23,28,46,6,29,29
Gene_0082,13,22,14,13,26,57,25,21,27,21
Gene_0083,26,24,26,12,24,20,11,16,18,20
Gene_0084,20,27,36,30,19,37,42,24,25,31
Gene_0085,13,20,34,14,14,76,72,46,36,187
Gene_0086,24,32,24,34,21,25,17,42,25,19
Gene_0087,33,24,7,34,30,28,26,16,12,32
Gene_0088,23,10,17,27,35,12,15,24,16,32
Gene_0089,16,18,21,14,28,18,32,31,44,33
Gene_0090,26,23,17,54,36,7,27,16,23,27
Gene_0091,27,32,21,18,27,11,21,13,23,33
Gene_0092,25,18,17,9,32,31,34,22,35,37
Gene_0093,21,18,34,22,18,11,7,6,9,7
Gene_0094,35,15,19,13,27,24,31,28,20,20
Gene_0095,44,27,22,24,39,11,46,21,20,22
Gene_0096,27,28,14,37,24,24,23,20,29,19
Gene_0097,26,15,25,30,11,29,16,20,37,24
Gene_0098,22,23,14,12,24,22,42,42,20,23
Gene_0099,16,19,10,25,11,20,32,23,17,19
Gene_0100,27,11,11,26,19,4,9,7,5,5
Gene_0101,10,28,9,13,14,26,21,17,24,12
Gene_0102,20,16,16,12,16,16,20,34,26,34
Gene_0103,21,20,19,33,11,19,29,29,42,12
Gene_0104,17,36,34,16,24,30,25,18,25,40
Gene_0105,26,26,16,21,13,25,38,38,28,14
Gene_0106,18,18,17,32,13,22,6,12,31,22
Gene_0107,13,20,15,27,30,28,27,32,23,22
Gene_0108,27,15,23,36,19,13,24,25,25,18
Gene_0109,18,14,43,25,12,41,16,13,37,20
Gene_0110,24,23,24,31,7,34,26,26,27,19
Gene_0111,19,23,18,49,10,47,6,27,16,31
Gene_0112,20,23,20,16,25,33,17,10,14,18
Gene_0113,17,27,16,17,13,9,13,14,27,15
Gene_0114,19,23,11,22,16,14,30,19,43,20
Gene_0115,15,14,25,41,25,44,21,36,20,20
Gene_0116,33,17,28,7,16,37,29,21,13,20
Gene_0117,43,31,19,41,16,25,11,31,27,26
Gene_0118,22,34,20,24,34,14,27,21,34,24
Gene_0119,26,22,17,25,21,19,24,15,12,15
Gene_0120,19,27,39,38,10,27,19,14,23,24
Gene_0121,41,13,17,34,32,17,21,28,34,27
Gene_0122,31,39,20,9,33,16,33,24,24,26
Gene_0123,16,13,30,38,18,34,29,17,27,10
Gene_0124,34,21,40,17,15,25,26,31,22,15
Gene_0125,28,25,21,17,17,24,18,6,16,17
Gene_0126,27,35,24,31,29,13,40,22,13,16
Gene_0127,12,32,10,22,29,33,16,23,16,30
Gene_0128,31,5,52,20,18,9,11,6,14,20
Gene_0129,29,19,32,13,16,18,13,26,31,25
Gene_0130,38,17,17,34,6,15,30,25,23,28
Gene_0131,40,21,24,16,30,17,16,26,23,10
Gene_0132,28,23,14,21,28,22,12,22,13,21
Gene_0133,37,24,46,25,12,40,19,26,18,28
Gene_0134,20,27,14,23,15,12,51,21,23,15
Gene_0135,18,25,25,25,22,26,23,20,33,39
Gene_0136,12,30,39,17,20,25,19,23,13,28
Gene_0137,31,42,13,22,21,14,30,24,28,12
Gene_0138,21,36,28,30,33,15,37,29,25,15
Gene_0139,13,16,33,20,21,30,44,13,24,12
Gene_0140,32,34,14,28,22,13,32,30,28,23
Gene_0141,20,21,26,26,27,11,37,32,31,11
Gene_0142,8,20,17,18,18,17,18,27,19,7
Gene_0143,15,15,42,8,25,12,37,17,22,21
Gene_0144,19,13,9,28,14,24,27,27,12,15
Gene_0145,21,29,31,19,37,17,28,24,17,21
Gene_0146,9,22,19,24,23,23,15,39,16,16
Gene_0147,26,39,36,22,13,19,21,17,20,16
Gene_0148,20,20,7,27,27,20,29,20,36,31
Gene_0149,23,40,32,20,28,27,24,27,14,18
Gene_0150,30,26,13,37,28,19,47,12,21,15
Gene_0151,22,19,15,29,18,38,23,15,44,17
Gene_0152,16,22,22,25,19,22,11,35,24,21
Gene_0153,26,27,9,25,6,24,42,20,13,59
Gene_0154,14,7,24,22,25,22,15,17,8,27
Gene_0155,19,23,14,12,12,29,17,26,13,19
Gene_0156,30,23,39,17,19,31,32,33,14,20
Gene_0157,20,27,7,24,24,20,33,19,41,33
Gene_0158,42,32,11,23,27,25,15,22,21,14
Gene_0159,16,23,26,25,33,28,9,15,27,32
Gene_0160,38,12,23,67,37,24,41,30,11,17
Gene_0161,29,34,30,22,10,14,24,29,12,24
Gene_0162,16,30,35,17,21,31,29,32,6,17
Gene_0163,21,22,29,14,21,24,16,24,12,28
Gene_0164,14,16,15,41,26,36,21,22,17,22
Gene_0165,19,11,33,24,24,22,22,47,32,16
Gene_0166,15,20,25,32,21,26,27,34,22,13
Gene_0167,22,40,36,21,25,54,23,15,12,13
Gene_0168,20,24,19,46,15,25,29,11,29,29
Gene_0169,30,20,25,13,26,25,12,18,25,14
Gene_0170,36,22,25,11,33,19,20,17,26,8
Gene_0171,24,27,11,11,25,19,29,25,25,23
Gene_0172,18,16,32,31,14,67,103,39,106,88
Gene_0173,15,18,16,18,39,8,8,16,8,11
Gene_0174,24,11,18,30,6,18,15,20,25,29
Gene_0175,23,25,26,15,19,19,31,19,24,33
Gene_0176,19,13,53,25,15,20,19,18,16,20
Gene_0177,18,23,23,31,22,37,21,16,27,27
Gene_0178,29,18,43,30,24,9,11,20,25,30
Gene_0179,21,30,21,21,37,34,19,14,33,34
Gene_0180,37,13,18,13,10,23,15,11,23,27
Gene_0181,11,41,24,15,10,17,30,26,38,11
Gene_0182,16,15,24,18,15,19,21,23,19,8
Gene_0183,30,18,57,24,12,22,16,17,15,9
Gene_0184,28,21,11,25,24,42,31,9,44,16
Gene_0185,22,22,28,32,23,20,23,48,14,16
Gene_0186,12,12,14,32,11,37,25,44,20,21
Gene_0187,23,29,31,20,29,22,26,46,18,30
Gene_0188,21,15,22,45,14,19,28,23,18,27
Gene_0189,11,23,26,18,20,29,20,24,26,10
Gene_0190,29,29,27,27,16,47,17,37,24,22
Gene_0191,13,29,21,17,28,27,27,50,42,13
Gene_0192,22,24,34,29,11,31,41,26,20,16
Gene_0193,19,30,13,18,17,31,23,23,62,39
Gene_0194,22,9,17,17,22,34,21,26,23,25
Gene_0195,16,22,31,25,36,15,15,38,27,19
Gene_0196,19,16,24,16,14,30,15,34,16,30
Gene_0197,21,13,17,22,29,37,27,18,35,18
Gene_0198,14,22,49,15,18,21,36,30,32,15
Gene_0199,17,7,13,13,31,32,23,39,8,24
Gene_0200,30,11,14,23,22,15,26,43,20,22
Gene_0201,18,11,25,16,19,30,42,30,26,16
Gene_0202,8,20,29,17,28,22,29,21,23,19
Gene_0203,18,7,24,25,34,17,21,16,16,20
Gene_0204,23,35,20,23,33,20,35,21,22,25
Gene_0205,20,32,25,18,19,8,23,38,10,17
Gene_0206,16,23,32,24,19,8,6,6,7,3
Gene_0207,28,20,20,29,13,17,12,20,36,43
Gene_0208,10,25,25,33,19,16,12,19,21,14
Gene_0209,24,29,15,32,20,33,8,27,36,18
Gene_0210,34,46,12,34,33,24,16,12,27,20
Gene_0211,31,16,26,24,33,34,21,29,40,29
Gene_0212,4,20,28,32,24,30,19,20,20,17
Gene_0213,31,16,32,23,40,18,16,10,29,14
Gene_0214,38,31,22,16,18,37,23,19,16,18
Gene_0215,23,16,19,14,13,33,22,33,38,18
Gene_0216,35,26,17,33,27,21,23,33,21,22
Gene_0217,28,22,39,20,32,18,29,18,13,28
Gene_0218,19,7,12,21,20,20,20,12,16,11
Gene_0219,43,20,27,15,12,19,21,22,27,42
Gene_0220,39,32,21,21,23,8,10,7,9,7
Gene_0221,17,32,24,16,16,24,18,31,21,27
Gene_0222,38,12,21,37,19,32,38,19,9,22
Gene_0223,33,6,29,14,13,23,23,22,8,28
Gene_0224,31,20,13,30,31,20,14,27,7,13
Gene_0225,30,38,24,40,31,34,20,23,25,39
Gene_0226,11,23,21,17,38,16,14,24,50,25
Gene_0227,21,34,19,14,16,35,22,19,18,11
Gene_0228,44,17,19,12,23,40,16,36,31,47
Gene_0229,19,14,22,32,23,36,49,26,42,26
Gene_0230,29,21,25,13,66,26,11,21,28,29
Gene_0231,37,30,26,36,22,81,51,99,114,60
Gene_0232,22,30,30,29,17,24,27,16,23,9
Gene_0233,28,32,16,31,21,18,23,20,28,34
Gene_0234,17,16,14,18,19,22,22,19,14,20
Gene_0235,19,26,29,24,11,16,32,20,31,46
Gene_0236,24,21,15,29,26,73,53,100,68,85
Gene_0237,16,39,20,13,20,22,22,30,14,23
Gene_0238,24,27,22,21,25,24,27,28,19,16
Gene_0239,25,21,28,14,13,13,28,19,16,18
Gene_0240,21,16,42,41,31,25,21,28,28,23
Gene_0241,12,12,17,14,23,18,36,31,33,13
Gene_0242,18,17,4,30,23,10,42,30,19,6
Gene_0243,21,32,23,30,20,22,19,16,36,12
Gene_0244,20,14,16,32,47,15,16,30,15,37
Gene_0245,15,28,15,21,15,23,30,17,33,13
Gene_0246,19,19,20,23,21,21,44,22,28,22
Gene_0247,16,17,33,40,25,29,16,10,20,18
Gene_0248,30,39,23,19,21,44,16,14,26,16
Gene_0249,15,22,18,7,18,17,24,36,35,33
Gene_0250,13,19,22,25,37,13,39,17,10,37
Gene_0251,38,9,9,32,32,20,24,26,13,19
Gene_0252,17,34,26,8,33,21,8,20,20,17
Gene_0253,18,23,30,16,20,26,21,23,24,35
Gene_0254,25,14,11,22,14,20,16,32,25,32
Gene_0255,28,14,17,26,30,27,16,29,17,25
Gene_0256,21,32,29,27,26,35,18,17,25,21
Gene_0257,16,17,28,14,20,25,19,28,15,32
Gene_0258,25,13,12,46,18,18,36,45,16,15
Gene_0259,20,30,21,16,14,46,34,12,11,9
Gene_0260,33,17,24,39,11,7,12,6,3,9
Gene_0261,8,22,20,31,20,24,33,20,26,16
Gene_0262,22,20,10,19,38,28,29,18,39,22
Gene_0263,17,19,16,35,15,16,12,30,17,11
Gene_0264,18,26,16,23,24,36,32,15,17,7
Gene_0265,13,14,22,13,12,25,32,22,15,38
Gene_0266,20,40,12,27,40,24,24,27,23,22
Gene_0267,39,17,12,25,18,12,18,18,28,17
Gene_0268,16,25,31,29,21,24,28,18,14,27
Gene_0269,28,42,31,35,12,35,7,35,15,28
Gene_0270,26,31,23,27,15,52,55,68,52,113
Gene_0271,29,34,12,17,18,38,20,24,22,16
Gene_0272,27,35,34,26,23,134,58,61,47,83
Gene_0273,14,23,34,20,16,19,17,15,22,15
Gene_0274,22,35,17,28,27,23,18,36,25,20
Gene_0275,18,32,23,40,18,24,36,12,19,47
Gene_0276,24,22,14,13,28,4,4,7,7,5
Gene_0277,8,21,33,20,22,32,24,30,14,23
Gene_0278,33,16,18,21,29,17,39,28,20,17
Gene_0279,5,18,36,29,15,25,29,26,25,26
Gene_0280,23,32,19,22,25,20,30,18,11,17
Gene_0281,16,42,12,13,17,3,6,2,4,6
Gene_0282,49,23,22,31,34,27,22,22,14,7
Gene_0283,14,26,13,18,16,13,25,23,39,35
Gene_0284,35,24,27,44,24,21,18,18,29,14
Gene_0285,33,22,20,16,30,23,18,22,16,22
Gene_0286,23,36,23,18,13,22,24,45,29,11
Gene_0287,20,17,16,13,16,16,25,16,18,37
Gene_0288,20,14,35,13,28,25,20,33,16,11
Gene_0289,26,12,13,11,16,25,30,11,24,33
Gene_0290,22,17,21,17,20,11,18,27,14,33
Gene_0291,30,26,23,18,8,24,21,20,14,14
Gene_0292,40,53,17,14,10,26,24,26,26,22
Gene_0293,24,34,19,17,12,32,30,35,21,25
Gene_0294,35,24,17,24,25,35,24,11,21,11
Gene_0295,5,28,32,13,30,23,17,24,22,35
Gene_0296,27,21,15,11,20,33,27,30,30,17
Gene_0297,16,12,24,27,12,6,4,4,3,2
Gene_0298,18,27,25,35,24,30,18,32,29,18
Gene_0299,23,40,12,36,16,29,39,36,16,26
Gene_0300,25,17,29,15,21,25,24,14,25,28
Gene_0301,19,25,27,19,13,21,13,38,20,14
Gene_0302,27,11,32,21,17,21,28,21,9,29
Gene_0303,16,35,20,27,28,28,23,37,17,21
Gene_0304,19,34,21,23,45,10,22,14,33,22
Gene_0305,19,21,17,31,20,22,25,29,17,45
Gene_0306,25,34,20,13,24,27,44,23,27,29
Gene_0307,24,20,27,13,21,9,22,10,9,25
Gene_0308,16,36,16,18,17,29,32,13,27,13
Gene_0309,22,29,25,24,35,17,13,8,35,16
Gene_0310,36,41,51,48,19,6,7,11,7,7
Gene_0311,14,26,39,19,28,15,20,37,32,25
Gene_0312,18,22,22,27,27,29,22,25,13,25
Gene_0313,24,25,21,15,20,15,13,12,21,18
Gene_0314,21,32,34,35,41,15,19,11,19,11
Gene_0315,6,39,20,16,26,30,15,13,20,49
Gene_0316,13,36,30,9,25,13,21,17,15,23
Gene_0317,22,25,15,28,23,21,11,19,21,24
Gene_0318,25,14,29,26,30,5,5,4,4,8
Gene_0319,19,29,24,14,26,31,16,23,22,29
Gene_0320,12,29,15,25,13,21,10,16,32,46
Gene_0321,30,31,13,24,20,27,13,30,28,23
Gene_0322,17,26,34,12,28,19,25,32,41,23
Gene_0323,14,23,22,29,22,22,34,41,29,26
Gene_0324,31,48,25,24,37,17,12,32,16,25
Gene_0325,8,14,24,39,37,22,44,10,21,16
Gene_0326,25,17,37,37,16,16,35,19,39,31
Gene_0327,18,27,9,20,23,16,24,13,12,15
Gene_0328,15,21,32,13,13,32,27,24,25,13
Gene_0329,25,18,20,23,16,14,21,28,29,18
Gene_0330,14,35,29,21,31,26,23,22,31,32
Gene_0331,37,28,33,30,15,17,34,34,20,22
Gene_0332,11,25,22,39,22,11,38,28,35,51
Gene_0333,19,13,13,33,15,24,26,37,36,27
Gene_0334,23,29,12,15,26,46,20,26,37,22
Gene_0335,21,25,9,35,38,31,20,16,38,39
Gene_0336,41,29,47,14,22,25,23,26,22,23
Gene_0337,13,14,27,39,22,9,12,23,17,29
Gene_0338,15,19,29,13,17,15,31,26,27,22
Gene_0339,13,33,30,23,12,32,35,49,29,25
Gene_0340,22,35,20,17,29,18,20,40,26,31
Gene_0341,9,12,12,19,24,16,16,11,23,22
Gene_0342,17,17,27,11,31,15,27,29,12,29
Gene_0343,39,11,24,20,29,26,22,25,38,23
Gene_0344,16,5,33,49,32,14,21,22,28,20
Gene_0345,27,31,20,25,1,28,23,29,19,51
Gene_0346,20,18,14,29,9,38,24,19,23,13
Gene_0347,30,30,26,19,18,17,34,13,18,31
Gene_0348,16,20,29,13,35,28,45,32,11,15
Gene_0349,18,44,25,28,27,28,39,16,13,16
Gene_0350,17,26,13,30,19,19,11,10,19,18
Gene_0351,17,14,9,37,27,26,30,28,18,27
Gene_0352,17,15,20,28,41,28,28,14,18,9
Gene_0353,20,22,19,10,30,30,35,12,25,30
Gene_0354,17,22,19,31,23,13,31,27,18,27
Gene_0355,33,40,30,30,22,33,15,27,30,22
Gene_0356,26,11,27,14,7,36,17,19,44,28
Gene_0357,19,13,15,21,17,30,23,9,32,22
Gene_0358,19,10,28,22,26,11,26,45,25,28
Gene_0359,36,29,26,30,20,21,18,25,13,24
Gene_0360,17,16,25,28,16,15,16,21,8,17
Gene_0361,15,17,20,28,8,71,190,58,40,217
Gene_0362,21,21,9,37,27,14,26,20,20,24
Gene_0363,10,26,12,30,9,17,46,32,20,23
Gene_0364,14,40,13,17,39,53,24,12,22,26
Gene_0365,20,29,24,23,23,26,17,25,16,10
Gene_0366,35,15,18,26,16,38,20,20,20,29
Gene_0367,11,16,27,10,21,11,14,27,43,22
Gene_0368,15,16,24,14,35,12,19,14,10,27
Gene_0369,18,23,21,19,16,26,21,16,27,32
Gene_0370,29,23,16,13,25,18,25,28,25,43
Gene_0371,30,23,42,30,24,6,9,10,13,13
Gene_0372,37,39,28,26,17,12,23,25,15,19
Gene_0373,12,11,9,17,31,21,11,24,44,29
Gene_0374,35,20,20,19,15,11,30,17,30,30
Gene_0375,29,27,21,18,25,32,19,20,31,10
Gene_0376,13,46,20,19,23,20,16,21,21,29
Gene_0377,21,17,34,22,19,22,17,23,21,23
Gene_0378,33,40,36,15,15,23,28,14,27,31
Gene_0379,22,17,26,31,35,23,35,27,39,15
Gene_0380,17,13,23,18,20,63,85,65,104,90
Gene_0381,15,36,15,36,21,22,16,35,22,10
Gene_0382,11,16,49,28,8,50,22,37,24,35
Gene_0383,30,22,9,12,14,24,31,21,25,17
Gene_0384,29,25,40,20,8,26,26,26,44,18
Gene_0385,35,20,19,22,15,27,26,19,22,21
Gene_0386,44,22,18,18,8,15,19,30,35,27
Gene_0387,21,29,13,16,20,17,23,30,27,23
Gene_0388,23,26,13,21,10,19,14,16,43,21
Gene_0389,13,22,16,16,21,16,24,37,36,20
Gene_0390,31,36,33,26,12,26,15,25,22,31
Gene_0391,17,17,27,23,23,30,22,19,27,13
Gene_0392,24,38,17,16,30,59,59,74,144,100
Gene_0393,17,13,10,31,7,96,53,73,93,22
Gene_0394,36,14,13,19,25,23,20,19,23,12
Gene_0395,13,23,31,22,15,26,6,53,29,21
Gene_0396,8,6,16,22,16,32,20,27,38,21
Gene_0397,30,29,12,35,18,25,38,24,20,29
Gene_0398,25,26,30,20,34,35,44,15,21,29
Gene_0399,11,33,24,17,16,21,30,23,23,23
Gene_0400,5,35,28,12,13,16,24,16,12,13
Gene_0401,44,32,35,18,9,18,18,28,31,19
Gene_0402,17,17,36,17,27,29,23,28,17,25
Gene_0403,23,15,30,15,14,29,7,35,22,28
Gene_0404,25,28,34,14,17,22,4,27,36,28
Gene_0405,22,23,15,30,11,18,28,30,37,25
Gene_0406,19,23,12,30,26,37,27,5,24,31
Gene_0407,10,23,22,30,17,26,25,38,32,29
Gene_0408,29,18,14,22,30,4,8,13,10,10
Gene_0409,22,33,12,18,17,23,18,23,34,15
Gene_0410,29,14,11,10,19,31,22,33,26,31
Gene_0411,29,16,19,40,5,26,12,27,14,13
Gene_0412,5,29,23,19,21,23,23,27,39,25
Gene_0413,28,34,21,76,25,15,23,42,17,19
Gene_0414,8,23,11,34,22,35,19,19,39,19
Gene_0415,18,7,13,23,26,19,16,22,6,31
Gene_0416,26,39,22,19,23,30,18,32,31,35
Gene_0417,10,37,23,20,38,18,22,40,19,16
Gene_0418,28,26,27,23,16,39,17,17,30,30
Gene_0419,20,17,27,20,12,25,21,22,22,27
Gene_0420,28,22,34,20,27,25,21,10,32,17
Gene_0421,10,10,8,22,18,13,11,27,13,27
Gene_0422,12,28,27,15,21,23,35,19,44,25
Gene_0423,29,17,30,43,24,21,15,25,29,22
Gene_0424,24,7,16,22,29,27,18,14,23,21
Gene_0425,19,15,22,46,12,42,15,17,11,26
Gene_0426,32,14,27,34,23,25,17,26,15,19
Gene_0427,18,10,20,31,29,104,80,82,74,128
Gene_0428,15,30,64,27,15,22,20,12,27,34
Gene_0429,30,21,22,21,30,29,23,13,33,18
Gene_0430,25,23,25,18,36,34,32,21,22,44
Gene_0431,35,19,14,23,27,117,203,86,180,54
Gene_0432,31,13,15,21,16,39,27,17,24,20
Gene_0433,15,12,9,8,26,33,24,31,25,19
Gene_0434,20,9,18,12,24,28,19,26,19,37
Gene_0435,25,22,13,33,20,13,41,16,26,28
Gene_0436,25,13,25,41,20,34,32,15,19,12
Gene_0437,17,17,19,26,18,9,9,10,10,7
Gene_0438,19,31,30,32,18,20,17,32,15,26
Gene_0439,21,18,19,18,30,6,8,10,9,8
Gene_0440,27,28,28,22,34,28,33,12,22,6
Gene_0441,24,57,21,27,34,39,35,14,21,7
Gene_0442,32,39,25,30,14,21,25,20,14,20
Gene_0443,27,26,14,11,15,11,23,26,50,13
Gene_0444,24,23,25,26,23,25,28,26,26,31
Gene_0445,18,26,37,38,24,17,34,30,26,18
Gene_0446,32,23,20,24,25,95,70,58,91,140
Gene_0447,14,27,34,30,26,26,21,20,23,42
Gene_0448,26,25,33,15,20,16,35,20,15,20
Gene_0449,34,17,14,25,38,20,32,22,26,16
Gene_0450,21,29,16,31,33,23,21,26,21,30
Gene_0451,28,30,33,22,33,30,34,22,19,29
Gene_0452,32,34,33,44,23,26,17,17,11,40
Gene_0453,21,22,19,12,39,15,15,40,19,16
Gene_0454,47,29,17,13,25,7,4,11,10,6
Gene_0455,16,36,25,18,49,13,22,15,20,12
Gene_0456,32,24,18,22,16,23,27,27,23,34
Gene_0457,28,30,20,22,21,30,44,26,36,19
Gene_0458,16,36,19,26,11,34,33,18,25,29
Gene_0459,14,10,39,27,32,20,7,13,4,17
Gene_0460,19,16,21,24,22,11,20,28,15,22
Gene_0461,28,40,36,36,42,24,27,17,19,23
Gene_0462,19,15,18,25,24,35,24,27,35,23
Gene_0463,42,21,42,25,14,18,22,45,15,38
Gene_0464,30,33,30,22,14,5,10,3,6,4
Gene_0465,18,14,21,16,21,22,37,12,16,37
Gene_0466,13,26,11,26,14,22,30,11,25,10
Gene_0467,28,28,28,13,28,24,18,29,18,32
Gene_0468,31,30,14,37,17,18,20,25,8,31
Gene_0469,26,21,21,26,22,14,40,34,25,44
Gene_0470,29,14,15,16,35,27,19,26,45,32
Gene_0471,18,26,23,31,11,14,12,28,19,12
Gene_0472,35,18,13,33,26,16,22,30,37,14
Gene_0473,24,26,26,25,19,37,20,12,12,22
Gene_0474,40,24,14,32,33,24,20,30,12,23
Gene_0475,14,24,25,23,19,17,14,28,30,26
Gene_0476,8,20,18,21,34,86,65,110,139,45
Gene_0477,16,22,32,23,18,2,8,4,8,7
Gene_0478,23,37,34,22,21,15,12,33,30,44
Gene_0479,28,22,25,23,35,47,26,94,21,61
Gene_0480,32,24,27,21,20,12,37,10,21,20
Gene_0481,21,21,21,38,14,43,21,21,14,23
Gene_0482,24,43,9,24,19,36,21,11,24,35
Gene_0483,17,18,27,18,30,28,12,45,27,20
Gene_0484,16,37,21,36,25,12,34,27,18,30
Gene_0485,8,21,19,14,34,29,10,28,26,30
Gene_0486,31,20,24,27,14,18,17,20,33,28
Gene_0487,12,25,20,23,16,27,18,32,17,40
Gene_0488,19,38,25,17,33,10,29,14,19,20
Gene_0489,27,19,17,18,20,15,29,30,33,43
Gene_0490,30,14,27,8,38,22,16,32,9,15
Gene_0491,24,3,32,32,49,19,21,21,16,27
Gene_0492,12,24,14,22,19,14,25,19,29,14
Gene_0493,12,32,7,38,27,23,27,17,18,14
Gene_0494,17,25,15,29,25,14,33,23,24,24
Gene_0495,10,35,36,22,28,14,36,28,12,31
Gene_0496,28,30,23,18,24,15,17,18,21,18
Gene_0497,31,12,22,13,20,14,36,35,36,23
Gene_0498,50,16,40,21,24,13,37,16,29,17
Gene_0499,37,26,21,11,33,10,43,20,15,33
Gene_0500,27,32,21,19,35,28,21,18,11,23
Gene_0501,20,18,16,18,30,129,84,65,118,118
Gene_0502,21,21,19,36,23,20,27,15,22,22
Gene_0503,14,29,28,38,17,2,6,5,4,4
Gene_0504,21,21,22,23,23,38,13,12,13,30
Gene_0505,32,25,16,24,17,11,15,18,23,19
Gene_0506,23,12,20,15,24,28,25,25,29,28
Gene_0507,23,26,35,27,20,18,16,24,10,17
Gene_0508,25,27,36,12,22,34,23,22,20,6
Gene_0509,18,35,27,26,24,26,17,15,19,30
Gene_0510,10,24,18,27,19,11,26,26,20,20
Gene_0511,14,22,22,14,37,7,5,6,12,5
Gene_0512,21,24,50,27,23,23,8,24,8,20
Gene_0513,23,8,12,14,19,13,14,37,26,21
Gene_0514,21,29,23,42,29,19,41,31,26,20
Gene_0515,16,13,13,15,32,13,19,26,30,19
Gene_0516,32,37,14,10,24,2,16,11,27,15
Gene_0517,32,28,22,29,14,11,33,24,38,12
Gene_0518,45,17,26,24,13,18,29,34,28,30
Gene_0519,23,17,26,19,25,20,24,20,10,11
Gene_0520,32,31,15,24,27,33,33,36,17,14
Gene_0521,17,33,8,20,18,14,16,30,25,9
Gene_0522,20,26,24,31,29,16,31,19,24,28
Gene_0523,11,22,35,19,23,13,30,24,45,21
Gene_0524,23,24,24,12,18,12,33,24,32,36
Gene_0525,36,40,37,17,29,27,14,30,19,24
Gene_0526,15,24,19,7,9,18,13,23,23,34
Gene_0527,31,19,11,19,19,19,28,11,25,51
Gene_0528,9,20,34,17,28,35,23,25,25,17
Gene_0529,33,24,48,31,20,42,26,29,11,41
Gene_0530,23,16,16,28,15,16,25,27,21,19
Gene_0531,15,9,26,24,16,23,21,17,19,13
Gene_0532,27,14,28,13,21,11,31,18,33,9
Gene_0533,14,21,15,16,14,25,21,18,24,17
Gene_0534,15,18,19,20,18,28,15,29,31,30
Gene_0535,31,22,23,23,28,28,16,15,19,21
Gene_0536,15,47,19,16,26,24,20,31,13,14
Gene_0537,25,27,11,30,22,34,31,43,16,15
Gene_0538,13,22,32,13,31,72,87,149,77,38
Gene_0539,17,40,16,11,16,28,37,16,17,25
Gene_0540,12,9,16,29,23,14,18,19,21,33
Gene_0541,19,14,5,20,43,27,33,22,6,21
Gene_0542,18,27,8,18,22,7,4,6,8,4
Gene_0543,20,21,30,19,20,27,16,15,6,38
Gene_0544,36,22,23,21,32,26,28,28,23,16
Gene_0545,26,33,25,25,13,12,3,9,7,18
Gene_0546,18,27,12,28,24,19,29,33,26,22
Gene_0547,30,27,23,32,20,48,65,65,48,48
Gene_0548,19,42,18,29,11,42,29,17,12,28
Gene_0549,8,18,13,19,23,21,32,34,17,25
Gene_0550,19,35,14,32,36,19,21,28,37,23
Gene_0551,13,10,16,21,13,19,20,11,29,22
Gene_0552,23,23,19,18,24,22,21,20,25,29
Gene_0553,22,23,24,15,36,5,5,5,4,6
Gene_0554,13,45,27,10,21,39,22,25,32,26
Gene_0555,13,23,24,18,35,43,32,19,21,25
Gene_0556,22,29,32,45,29,29,28,32,19,36
Gene_0557,10,11,23,30,16,32,24,17,17,28
Gene_0558,14,17,21,13,22,22,20,22,7,33
Gene_0559,21,31,28,38,30,20,33,29,31,12
Gene_0560,36,26,13,21,29,31,27,26,39,12
Gene_0561,20,32,44,17,21,30,29,31,12,12
Gene_0562,28,15,17,31,36,9,9,9,11,9
Gene_0563,31,21,39,44,41,17,17,25,7,9
Gene_0564,21,12,37,17,13,16,11,24,15,20
Gene_0565,39,39,23,26,21,49,20,15,25,22
Gene_0566,19,12,11,26,16,18,7,19,25,13
Gene_0567,31,31,8,8,22,17,19,23,40,28
Gene_0568,36,22,8,19,21,15,45,25,28,40
Gene_0569,24,23,17,27,43,37,17,17,21,13
Gene_0570,19,19,33,30,25,10,4,8,8,10
Gene_0571,23,22,40,13,12,21,11,16,20,17
Gene_0572,24,44,36,23,23,19,29,18,33,19
Gene_0573,27,9,26,20,31,31,34,29,12,15
Gene_0574,4,19,28,18,25,34,18,21,18,45
Gene_0575,35,20,15,21,29,4,26,28,11,30
Gene_0576,19,19,10,37,14,29,26,38,34,20
Gene_0577,15,6,26,21,22,8,4,10,9,6
Gene_0578,15,22,25,36,26,32,21,15,16,12
Gene_0579,12,34,32,15,29,15,15,16,15,19
Gene_0580,21,10,20,13,23,16,31,16,12,24
Gene_0581,23,20,34,22,14,38,22,21,50,10
Gene_0582,25,5,31,11,22,13,21,35,17,31
Gene_0583,16,25,14,33,11,26,26,30,25,19
Gene_0584,27,9,17,43,22,30,28,21,16,36
Gene_0585,18,15,20,18,23,26,23,14,26,3
Gene_0586,25,28,28,8,44,24,21,25,46,15
Gene_0587,53,24,21,32,19,43,23,11,52,20
Gene_0588,29,28,31,22,31,29,24,21,15,17
Gene_0589,44,9,30,20,16,26,19,28,20,25
Gene_0590,10,9,31,22,18,14,26,24,26,27
Gene_0591,27,32,26,20,25,23,29,29,11,45
Gene_0592,18,11,15,35,20,25,12,16,35,37
Gene_0593,28,40,27,16,28,29,38,50,23,30
Gene_0594,11,48,16,21,15,21,19,41,37,40
Gene_0595,28,31,11,19,28,19,19,18,17,17
Gene_0596,13,20,39,13,12,14,17,5,22,24
Gene_0597,22,29,5,33,21,14,17,21,26,27
Gene_0598,29,16,25,22,27,10,16,19,10,14
Gene_0599,14,25,23,15,15,33,20,13,22,20
Gene_0600,14,28,11,15,17,8,28,22,25,16
Gene_0601,38,18,30,23,16,19,17,31,23,24
Gene_0602,19,33,21,20,26,34,39,20,30,23
Gene_0603,18,19,35,8,27,12,15,27,15,30
Gene_0604,26,11,33,34,15,13,19,21,26,30
Gene_0605,29,25,26,18,18,34,26,32,27,31
Gene_0606,25,31,18,18,22,78,87,35,65,186
Gene_0607,21,27,14,14,24,33,26,26,6,15
Gene_0608,41,41,30,28,20,25,13,30,25,26
Gene_0609,24,21,19,28,34,26,29,27,31,33
Gene_0610,26,20,31,37,39,42,19,39,35,36
Gene_0611,34,7,31,29,19,27,24,25,32,21
Gene_0612,14,20,24,17,25,17,15,16,13,19
Gene_0613,22,14,19,30,21,7,7,7,9,8
Gene_0614,15,18,9,33,19,23,29,17,18,43
Gene_0615,26,15,12,14,30,17,22,16,16,24
Gene_0616,10,23,18,34,24,22,11,18,12,22
Gene_0617,29,24,8,16,28,18,14,45,38,39
Gene_0618,13,18,13,17,12,4,8,15,6,5
Gene_0619,12,17,16,17,8,21,30,24,30,33
Gene_0620,33,27,18,7,33,15,32,26,35,17
Gene_0621,24,45,9,9,19,6,5,11,5,11
Gene_0622,28,19,18,14,22,9,17,20,12,43
Gene_0623,19,23,15,15,8,17,15,14,14,14
Gene_0624,19,9,27,32,24,19,31,30,29,17
Gene_0625,28,6,21,30,17,23,25,19,34,9
Gene_0626,16,22,17,16,25,39,25,46,18,29
Gene_0627,27,20,33,22,18,22,27,23,29,16
Gene_0628,27,28,13,23,11,26,23,32,22,15
Gene_0629,20,16,22,19,18,14,21,38,28,21
Gene_0630,13,35,14,15,22,13,12,23,25,33
Gene_0631,22,12,23,20,14,17,46,7,20,27
Gene_0632,30,28,19,17,20,27,30,15,21,22
Gene_0633,13,26,18,14,11,21,15,21,15,24
Gene_0634,29,18,16,11,20,40,27,37,28,14
Gene_0635,36,23,10,27,20,14,14,51,16,26
Gene_0636,29,29,32,11,12,20,30,15,40,9
Gene_0637,23,22,15,28,16,20,27,23,32,31
Gene_0638,21,18,20,31,25,19,24,38,24,17
Gene_0639,22,20,35,23,19,25,30,21,34,25
Gene_0640,24,39,15,23,11,5,11,6,6,9
Gene_0641,9,26,22,13,33,23,22,14,33,34
Gene_0642,22,16,40,18,15,63,42,129,73,35
Gene_0643,11,31,28,27,7,31,26,27,20,26
Gene_0644,20,34,21,21,2,25,11,17,11,16
Gene_0645,23,32,23,35,31,108,104,74,101,81
Gene_0646,33,14,24,27,35,52,43,17,18,38
Gene_0647,35,23,22,18,19,16,25,24,22,29
Gene_0648,41,26,20,22,40,64,56,135,44,75
Gene_0649,16,22,40,18,9,32,25,18,29,26
Gene_0650,34,13,29,12,21,19,15,11,33,19
Gene_0651,26,20,35,19,27,17,20,24,21,29
Gene_0652,12,32,19,46,9,10,9,9,9,13
Gene_0653,39,37,30,13,39,26,39,21,25,12
Gene_0654,26,33,25,18,26,17,27,30,15,11
Gene_0655,27,19,29,21,20,4,5,6,6,7
Gene_0656,26,18,10,29,32,34,14,24,26,9
Gene_0657,21,13,24,18,20,27,27,27,15,16
Gene_0658,16,24,30,18,22,19,23,27,16,12
Gene_0659,16,23,20,12,23,13,11,25,34,22
Gene_0660,40,15,44,35,35,11,15,38,14,24
Gene_0661,19,26,28,15,14,24,25,26,10,26
Gene_0662,14,21,29,18,20,20,25,48,25,55
Gene_0663,24,19,9,52,31,30,10,20,19,24
Gene_0664,28,28,12,36,29,16,58,30,19,15
Gene_0665,12,46,15,22,37,46,32,27,23,33
Gene_0666,13,15,17,26,17,31,26,13,16,16
Gene_0667,32,39,23,21,15,50,21,23,34,33
Gene_0668,35,31,25,25,14,17,17,53,29,20
Gene_0669,23,12,13,16,25,30,20,22,19,23
Gene_0670,16,24,38,34,20,11,32,45,22,18
Gene_0671,35,24,16,37,18,59,106,50,31,19
Gene_0672,55,27,25,13,21,15,35,35,31,20
Gene_0673,28,32,10,6,25,9,8,9,10,6
Gene_0674,26,6,29,45,33,19,14,13,10,19
Gene_0675,25,22,19,9,16,36,17,13,25,24
Gene_0676,19,25,32,39,22,32,33,22,35,22
Gene_0677,26,28,44,19,35,17,8,23,25,34
Gene_0678,23,13,22,21,13,40,17,15,27,29
Gene_0679,21,17,9,24,31,98,131,33,126,93
Gene_0680,31,16,24,27,22,25,24,38,31,28
Gene_0681,20,21,24,31,42,22,14,31,15,19
Gene_0682,19,33,20,15,18,28,30,24,25,29
Gene_0683,28,14,24,14,34,61,20,63,77,59
Gene_0684,14,11,30,5,18,28,13,26,33,48
Gene_0685,27,32,25,24,20,22,26,22,14,21
Gene_0686,9,28,13,28,42,28,19,42,14,19
Gene_0687,31,18,9,37,23,14,26,22,30,17
Gene_0688,15,15,24,29,22,42,24,12,36,27
Gene_0689,22,36,13,39,23,13,17,13,30,47
Gene_0690,33,22,26,18,14,23,26,15,26,31
Gene_0691,31,14,40,11,6,9,11,13,8,15
Gene_0692,23,11,24,14,24,23,21,8,29,18
Gene_0693,14,18,28,30,12,18,11,9,23,10
Gene_0694,23,29,45,16,25,19,18,21,40,14
Gene_0695,20,18,23,12,33,22,34,26,15,14
Gene_0696,26,32,20,30,26,20,21,34,18,20
Gene_0697,26,22,28,30,12,23,26,22,29,17
Gene_0698,24,21,28,21,30,35,18,32,16,16
Gene_0699,24,27,25,21,32,26,40,16,17,29
Gene_0700,25,14,19,27,33,41,46,63,68,168
Gene_0701,31,16,17,20,19,23,20,30,17,29
Gene_0702,26,28,22,16,15,17,14,41,29,25
Gene_0703,13,37,26,16,20,17,13,23,13,14
Gene_0704,12,29,17,25,12,34,27,28,20,38
Gene_0705,24,19,14,46,17,27,23,22,26,24
Gene_0706,41,14,29,17,28,40,11,14,24,15
Gene_0707,11,13,22,11,17,37,35,21,40,31
Gene_0708,28,23,21,21,29,43,27,26,21,8
Gene_0709,20,19,32,17,30,29,12,15,30,20
Gene_0710,13,32,16,16,8,10,19,40,27,22
Gene_0711,26,14,31,27,9,21,17,30,30,11
Gene_0712,23,39,26,13,12,21,35,14,23,25
Gene_0713,21,15,23,16,29,14,16,15,25,29
Gene_0714,50,10,21,31,17,22,8,15,13,43
Gene_0715,39,22,17,12,9,22,15,24,25,40
Gene_0716,26,24,36,24,21,15,13,22,14,36
Gene_0717,36,27,23,34,16,23,24,30,25,12
Gene_0718,22,35,21,33,24,13,28,21,26,28
Gene_0719,17,30,24,13,27,14,26,37,26,29
Gene_0720,39,17,4,26,34,29,28,13,34,41
Gene_0721,13,39,18,14,24,29,15,27,21,21
Gene_0722,19,19,19,38,23,15,21,29,27,25
Gene_0723,30,21,30,14,34,16,9,31,48,22
Gene_0724,20,31,25,12,38,108,79,74,128,187
Gene_0725,19,9,18,24,18,28,16,23,13,23
Gene_0726,31,18,14,27,12,24,27,12,22,10
Gene_0727,27,38,20,21,58,47,36,83,47,73
Gene_0728,22,26,28,21,13,23,26,33,24,38
Gene_0729,21,11,27,16,18,31,18,26,23,12
Gene_0730,30,48,25,38,21,39,17,26,35,20
Gene_0731,13,31,23,27,27,17,29,23,13,23
Gene_0732,29,28,16,36,25,89,101,49,52,92
Gene_0733,33,28,14,53,24,20,32,22,20,15
Gene_0734,20,9,7,32,21,12,21,26,17,27
Gene_0735,20,28,17,23,15,27,23,29,14,20
Gene_0736,34,6,29,50,35,20,22,27,26,22
Gene_0737,18,43,17,19,24,15,35,12,31,30
Gene_0738,26,23,5,14,33,93,39,82,117,93
Gene_0739,26,31,21,29,9,19,28,25,29,17
Gene_0740,29,42,37,27,25,35,30,16,6,20
Gene_0741,17,20,20,8,24,25,12,36,34,20
Gene_0742,25,31,19,34,22,35,20,20,12,21
Gene_0743,24,28,22,18,22,16,27,18,21,27
Gene_0744,17,21,31,16,14,35,32,22,14,32
Gene_0745,22,28,29,25,42,19,24,29,34,23
Gene_0746,15,13,37,25,29,20,25,10,23,25
Gene_0747,24,9,31,15,25,21,23,14,37,19
Gene_0748,30,25,13,22,29,12,24,17,24,23
Gene_0749,29,16,22,28,20,31,21,24,43,14
Gene_0750,19,24,33,23,18,24,7,19,14,22
Gene_0751,20,21,19,23,5,24,22,22,21,13
Gene_0752,18,23,15,34,17,30,11,38,25,27
Gene_0753,25,18,10,18,21,34,8,22,26,12
Gene_0754,28,17,28,17,33,21,14,8,29,24
Gene_0755,11,16,33,28,15,27,23,24,22,13
Gene_0756,18,23,35,19,20,18,27,21,31,36
Gene_0757,36,8,15,25,20,36,19,10,24,5
Gene_0758,16,25,17,27,25,44,11,36,36,12
Gene_0759,39,24,20,28,45,31,20,17,7,23
Gene_0760,34,37,27,24,42,39,46,24,13,33
Gene_0761,15,28,15,29,32,13,13,26,26,30
Gene_0762,26,23,20,21,44,17,6,12,25,11
Gene_0763,24,22,14,39,12,23,19,24,33,21
Gene_0764,32,32,12,49,23,29,24,22,21,18
Gene_0765,16,15,31,28,36,15,34,38,24,14
Gene_0766,20,19,38,14,28,15,22,16,24,28
Gene_0767,17,32,24,30,11,70,55,73,78,55
Gene_0768,26,32,34,34,24,23,28,40,19,24
Gene_0769,24,21,24,22,23,5,29,20,19,13
Gene_0770,16,10,26,35,18,35,23,22,34,23
Gene_0771,18,26,21,39,32,20,27,9,19,32
Gene_0772,15,13,30,12,28,21,15,30,35,16
Gene_0773,19,43,25,24,34,19,22,19,27,23
Gene_0774,31,29,18,24,35,39,69,22,52,26
Gene_0775,15,7,30,19,25,50,43,22,18,32
Gene_0776,19,28,33,5,13,24,28,16,34,16
Gene_0777,17,20,21,17,12,18,34,39,33,16
Gene_0778,11,20,20,21,16,19,25,29,24,24
Gene_0779,14,35,17,31,15,80,88,54,126,75
Gene_0780,25,20,25,26,16,26,22,20,30,36
Gene_0781,25,28,30,10,27,24,24,17,51,25
Gene_0782,30,20,20,28,20,4,4,8,2,3
Gene_0783,28,20,14,18,18,19,33,23,34,23
Gene_0784,41,23,25,24,23,22,36,17,18,14
Gene_0785,36,16,22,20,16,25,20,21,22,33
Gene_0786,27,26,15,23,14,14,13,31,23,18
Gene_0787,36,44,30,7,24,7,27,11,19,14
Gene_0788,34,6,40,31,36,26,18,14,18,25
Gene_0789,24,25,19,33,19,3,9,14,6,4
Gene_0790,21,20,16,45,17,25,23,29,34,31
Gene_0791,30,23,43,14,17,21,34,22,29,15
Gene_0792,9,24,25,27,36,18,31,34,27,9
Gene_0793,29,15,22,9,11,21,35,17,22,19
Gene_0794,25,41,29,22,16,55,14,17,33,39
Gene_0795,31,18,24,24,23,19,25,29,25,21
Gene_0796,14,29,32,23,26,26,33,16,26,23
Gene_0797,22,24,24,10,16,11,7,26,25,22
Gene_0798,24,22,29,21,25,23,36,23,11,19
Gene_0799,21,19,36,34,6,26,10,21,22,43
Gene_0800,43,22,29,7,31,8,40,13,22,29
Gene_0801,17,18,45,24,31,18,11,17,23,40
Gene_0802,26,24,16,28,24,29,21,38,20,12
Gene_0803,21,21,12,24,24,21,22,29,31,42
Gene_0804,43,16,23,27,10,31,17,8,8,21
Gene_0805,47,15,29,30,23,25,31,23,23,19
Gene_0806,16,23,22,21,21,32,20,11,18,27
Gene_0807,26,40,13,22,40,12,18,28,30,27
Gene_0808,21,14,15,20,19,39,18,31,17,26
Gene_0809,20,7,28,32,33,16,10,40,24,16
Gene_0810,47,36,32,15,22,36,29,31,15,19
Gene_0811,31,22,35,10,30,147,74,86,74,61
Gene_0812,17,24,12,23,15,26,38,25,14,28
Gene_0813,26,4,25,22,24,37,36,19,37,24
Gene_0814,18,34,13,10,19,21,24,28,16,39
Gene_0815,35,33,23,19,25,25,21,38,31,21
Gene_0816,11,37,15,12,12,20,20,33,10,37
Gene_0817,12,25,14,27,6,36,13,18,25,32
Gene_0818,25,16,18,42,26,19,34,14,25,24
Gene_0819,11,14,15,9,20,15,21,16,20,15
Gene_0820,31,24,19,18,40,10,24,41,40,13
Gene_0821,23,26,20,14,23,23,7,19,27,36
Gene_0822,23,4,29,29,16,29,16,42,23,32
Gene_0823,19,15,23,22,13,12,22,11,23,18
Gene_0824,12,8,15,12,27,20,32,24,33,15
Gene_0825,34,28,30,27,26,28,12,14,22,39
Gene_0826,27,21,19,21,22,29,38,32,10,25
Gene_0827,12,14,11,22,11,19,18,20,18,27
Gene_0828,48,19,25,5,23,17,16,31,34,30
Gene_0829,20,18,11,32,38,23,30,18,13,20
Gene_0830,27,36,20,27,14,27,16,20,25,26
Gene_0831,19,19,25,29,25,29,15,25,20,26
Gene_0832,18,22,31,36,25,21,11,23,33,41
Gene_0833,28,24,27,17,28,14,26,19,28,16
Gene_0834,10,16,16,17,40,25,22,16,11,16
Gene_0835,5,16,21,31,26,33,39,9,23,15
Gene_0836,14,44,9,17,26,8,27,13,26,17
Gene_0837,20,33,23,12,15,16,28,17,13,22
Gene_0838,13,27,11,23,10,24,55,24,12,28
Gene_0839,11,15,13,16,23,112,95,69,108,116
Gene_0840,15,14,16,15,27,18,12,37,26,35
Gene_0841,18,18,22,18,27,3,3,4,5,6
Gene_0842,20,15,38,15,20,68,74,65,74,119
Gene_0843,34,24,27,9,19,9,21,41,11,25
Gene_0844,18,17,29,12,35,33,20,27,11,28
Gene_0845,32,22,28,30,24,38,24,18,31,22
Gene_0846,28,23,18,40,8,23,10,20,17,4
Gene_0847,29,12,32,18,34,22,13,21,7,18
Gene_0848,39,20,17,15,11,29,10,24,23,24
Gene_0849,31,12,46,15,16,17,36,17,21,17
Gene_0850,39,14,34,27,11,34,26,28,19,22
Gene_0851,21,17,34,11,21,18,20,21,13,28
Gene_0852,27,29,39,22,11,12,14,21,48,14
Gene_0853,24,11,26,28,21,20,20,31,29,15
Gene_0854,30,23,19,17,47,18,25,12,35,13
Gene_0855,30,28,25,27,40,17,29,28,24,36
Gene_0856,20,25,12,30,23,27,26,21,21,14
Gene_0857,13,14,28,12,18,39,29,37,75,39
Gene_0858,34,12,15,12,21,20,36,11,22,16
Gene_0859,23,27,12,31,17,8,15,22,38,19
Gene_0860,6,23,29,17,40,60,67,60,74,77
Gene_0861,22,35,26,24,12,7,9,30,16,17
Gene_0862,24,14,28,21,15,37,18,21,23,18
Gene_0863,19,22,22,36,29,30,40,14,27,12
Gene_0864,18,21,32,32,30,8,9,6,2,6
Gene_0865,24,8,24,24,24,18,37,30,13,26
Gene_0866,25,20,12,34,13,130,97,130,71,84
Gene_0867,19,33,19,27,28,11,24,28,31,38
Gene_0868,27,11,36,33,20,24,34,15,16,36
Gene_0869,19,16,16,11,18,26,26,34,19,33
Gene_0870,42,28,18,20,48,9,9,12,14,11
Gene_0871,15,34,22,11,25,8,25,37,36,38
Gene_0872,18,11,26,37,39,46,13,13,19,19
Gene_0873,26,16,31,23,25,22,22,19,28,17
Gene_0874,12,6,22,31,15,10,6,4,6,18
Gene_0875,17,25,15,11,25,26,26,26,24,21
Gene_0876,33,18,23,12,26,26,31,37,26,12
Gene_0877,14,20,25,37,12,22,15,22,29,24
Gene_0878,26,25,19,19,19,7,5,4,12,17
Gene_0879,12,14,15,18,19,19,19,23,44,27
Gene_0880,29,17,24,39,13,299,120,138,97,97
Gene_0881,10,36,35,25,31,9,17,14,10,11
Gene_0882,23,26,16,26,18,22,24,14,22,11
Gene_0883,18,33,26,34,15,15,30,30,21,18
Gene_0884,11,38,13,12,19,28,19,25,10,29
Gene_0885,7,21,36,16,22,26,20,11,18,52
Gene_0886,26,24,23,16,35,23,33,15,20,22
Gene_0887,21,16,12,24,18,24,9,31,33,17
Gene_0888,36,45,30,19,15,35,22,19,12,21
Gene_0889,23,16,23,39,15,20,18,22,28,34
Gene_0890,22,21,26,25,16,168,98,109,62,59
Gene_0891,47,18,19,16,30,23,20,25,28,23
Gene_0892,19,27,8,26,16,30,17,22,25,12
Gene_0893,47,23,15,25,10,20,12,42,17,17
Gene_0894,20,27,11,18,37,37,15,17,26,27
Gene_0895,21,9,9,27,12,5,5,11,6,10
Gene_0896,11,46,16,23,30,30,28,16,17,11
Gene_0897,27,27,10,14,30,33,23,35,29,29
Gene_0898,14,15,18,31,39,10,32,19,12,22
Gene_0899,20,25,40,23,44,4,5,5,6,7
Gene_0900,19,18,26,15,19,27,25,34,20,13
Gene_0901,14,18,26,25,22,27,17,24,24,29
Gene_0902,20,37,20,20,35,19,14,19,15,25
Gene_0903,24,19,7,23,21,28,22,21,12,20
Gene_0904,18,21,5,34,10,18,30,6,35,32
Gene_0905,19,24,15,22,11,38,27,18,35,27
Gene_0906,20,27,29,23,16,22,22,30,21,12
Gene_0907,25,24,15,12,18,26,18,26,15,15
Gene_0908,16,12,22,18,35,5,28,32,39,19
Gene_0909,23,21,27,30,31,20,20,15,26,16
Gene_0910,45,13,35,16,15,33,20,14,37,24
Gene_0911,44,13,24,26,12,13,19,21,31,26
Gene_0912,21,31,31,23,18,19,26,26,29,36
Gene_0913,14,11,42,23,19,38,13,23,7,58
Gene_0914,33,27,19,14,25,20,22,28,18,23
Gene_0915,25,12,13,34,19,21,11,19,24,32
Gene_0916,27,19,20,28,23,13,21,22,27,24
Gene_0917,7,47,27,27,20,35,45,29,19,35
Gene_0918,24,14,27,15,29,29,21,28,14,18
Gene_0919,15,12,13,25,25,17,19,9,19,31
Gene_0920,34,21,26,19,22,35,25,18,17,18
Gene_0921,35,38,20,32,26,95,106,53,32,69
Gene_0922,29,24,14,18,36,24,10,19,38,19
Gene_0923,21,16,21,22,11,28,35,18,18,26
Gene_0924,29,16,23,22,23,23,16,16,33,12
Gene_0925,36,32,18,19,23,13,46,22,45,11
Gene_0926,18,36,11,24,22,21,50,22,9,27
Gene_0927,45,18,19,30,12,29,46,32,20,12
Gene_0928,21,19,26,16,17,10,27,33,34,17
Gene_0929,28,14,12,18,21,24,11,19,43,13
Gene_0930,24,15,25,28,18,30,26,22,23,26
Gene_0931,17,25,47,30,16,19,38,14,35,21
Gene_0932,25,24,14,27,60,18,11,32,16,16
Gene_0933,9,14,17,43,32,30,17,21,19,30
Gene_0934,20,12,31,27,25,23,32,24,18,44
Gene_0935,13,25,31,13,40,27,21,27,24,15
Gene_0936,33,18,35,22,9,17,16,13,17,35
Gene_0937,20,31,17,27,25,34,26,46,33,22
Gene_0938,22,19,23,19,20,27,25,27,15,26
Gene_0939,8,25,24,12,15,20,15,13,17,40
Gene_0940,26,21,30,25,17,22,28,8,22,37
Gene_0941,30,33,12,30,17,48,21,26,22,31
Gene_0942,28,38,25,12,24,37,31,7,25,23
Gene_0943,24,21,11,40,24,23,41,19,18,36
Gene_0944,15,22,22,30,33,21,22,23,23,8
Gene_0945,30,17,25,25,31,33,7,12,11,38
Gene_0946,25,23,16,12,8,66,91,39,41,41
Gene_0947,12,20,13,42,18,35,45,66,75,87
Gene_0948,9,28,26,16,16,20,13,29,28,21
Gene_0949,28,13,19,4,10,33,40,31,13,28
Gene_0950,45,16,17,42,22,13,15,11,22,26
Gene_0951,20,29,28,28,22,21,17,13,33,16
Gene_0952,36,14,30,16,17,16,15,23,32,39
Gene_0953,10,52,16,28,23,50,96,121,75,71
Gene_0954,16,43,50,27,10,21,29,25,21,17
Gene_0955,16,28,27,17,11,28,24,23,25,33
Gene_0956,50,19,31,33,21,36,18,24,25,31
Gene_0957,44,14,6,10,30,28,35,18,17,28
Gene_0958,22,14,28,10,13,123,156,76,104,66
Gene_0959,18,7,41,9,17,19,30,28,14,23
Gene_0960,28,35,14,18,15,30,17,19,27,25
Gene_0961,24,19,30,22,15,82,36,54,27,42
Gene_0962,38,24,20,34,19,16,32,11,18,14
Gene_0963,25,25,24,25,30,25,31,18,33,16
Gene_0964,35,22,16,50,14,31,16,26,23,11
Gene_0965,30,26,22,23,13,26,34,39,10,30
Gene_0966,27,18,23,27,19,31,22,16,21,17
Gene_0967,28,14,18,13,9,24,15,29,20,12
Gene_0968,20,14,30,25,25,22,20,32,19,23
Gene_0969,18,13,20,23,17,19,21,29,26,19
Gene_0970,21,28,26,10,21,27,23,17,13,40
Gene_0971,26,38,10,25,15,36,30,21,27,31
Gene_0972,26,38,36,29,24,23,17,20,11,25
Gene_0973,19,41,27,14,11,23,21,18,22,37
Gene_0974,21,20,27,34,24,22,37,33,17,43
Gene_0975,28,32,12,34,20,16,47,8,20,30
Gene_0976,27,36,22,24,19,14,8,7,13,9
Gene_0977,21,23,5,36,12,14,19,18,17,27
Gene_0978,11,21,8,17,26,25,18,31,29,32
Gene_0979,15,28,21,26,14,23,32,19,35,18
Gene_0980,8,35,24,35,28,96,53,100,62,60
Gene_0981,15,20,9,12,42,30,14,31,13,30
Gene_0982,32,14,24,20,12,46,18,20,27,23
Gene_0983,19,32,30,23,11,36,21,26,24,39
Gene_0984,26,25,22,22,8,26,14,18,15,17
Gene_0985,29,23,24,36,20,17,26,21,26,13
Gene_0986,17,35,14,19,15,26,24,22,18,23
Gene_0987,23,14,29,16,37,30,18,14,10,18
Gene_0988,18,27,11,22,31,23,24,25,25,18
Gene_0989,22,33,19,29,36,34,16,14,24,8
Gene_0990,17,21,11,19,26,8,6,8,3,9
Gene_0991,24,12,12,8,27,23,20,29,18,21
Gene_0992,29,22,16,36,21,33,29,32,13,26
Gene_0993,21,27,16,27,9,22,16,12,21,28
Gene_0994,32,27,18,26,26,19,13,20,26,11
Gene_0995,11,37,33,28,21,32,21,31,14,28
Gene_0996,10,14,21,17,22,24,23,25,22,21
Gene_0997,14,34,14,25,15,30,20,27,15,16
Gene_0998,29,18,19,31,33,13,25,25,15,20
Gene_0999,21,17,14,23,24,20,24,17,22,15